name,province,province_name,website,software,category,final_url,error
Charlottetown Bluephins Aquatic Club,PE,Prince Edward Island,https://www.gomotionapp.com/team/cancb/page/home,GoMotion,Swim-specific,https://www.gomotionapp.com/team/cancb/page/home,
Summerside Dolphin Swim Club,,,https://www.summersidedolphins.com,PoolQ,Swim-specific,https://www.summersidedolphins.com/,
Bridgewater Barracudas,,,,No Website,No Website,,
Cape Breton Dorados,NS,Nova Scotia,,No Website,No Website,,
Cole Harbour Hurricanes,NS,Nova Scotia,http://coleharbourhurricanes.com,GoalLine (Stack Sports),Sports management,http://coleharbourhurricanes.com/,
Cumberland Spartans,NS,Nova Scotia,,No Website,No Website,,
Halifax Trojan Aquatic Club,NS,Nova Scotia,https://htac.ca,PoolQ,Swim-specific,https://htac.ca/,
Kings Edge Hill School,NS,Nova Scotia,https://www.kes.ns.ca,Unknown / Custom,Unknown / Custom,https://www.kes.ns.ca/,
Pictou County Mariners,,,https://pcm.poolq.net,PoolQ,Swim-specific,https://pcm.poolq.net/,
St. Margaret's Bay Breakers,NS,Nova Scotia,https://www.smbb.ca,PoolQ,Swim-specific,https://www.smbb.ca/,
Sackville Waves Aquatic Team,NS,Nova Scotia,https://swat.poolq.net,PoolQ,Swim-specific,https://swat.poolq.net/,
Wolfville Tritons Swim Club,NS,Nova Scotia,,No Website,No Website,,
Yarmouth Whitecaps,NS,Nova Scotia,https://sites.google.com/view/yarmouthwhitecaps/home,Google Sites,CMS / Website builder,https://sites.google.com/view/yarmouthwhitecaps/home,
Aqua Aces Swim Club,NL,Newfoundland and Labrador,,No Website,No Website,,
Conception Bay South Bluefins,NL,Newfoundland and Labrador,https://cbsbluefins.ca,PoolQ,Swim-specific,https://cbsbluefins.ca/,
Corner Brook Rapids Swimclub,NL,Newfoundland and Labrador,https://www.cbrapids.com,GoMotion,Swim-specific,https://www.cbrapids.com/,
Melville Mantas Swim Club,NL,Newfoundland and Labrador,,No Website,No Website,,
Mount Pearl Marlins Swim Club,NL,Newfoundland and Labrador,,No Website,No Website,,
Northern Lights Swim Club,,,,No Website,No Website,,
Port Aux Basques Piranhas,NL,Newfoundland and Labrador,,No Website,No Website,,
St. Johns Legends Swim Club,NL,Newfoundland and Labrador,https://www.sjlegends.com,PoolQ,Swim-specific,https://www.sjlegends.com/,
Alberta Marlin Aquatic Club,AB,Alberta,,No Website,No Website,,
Alberta Marlin Aquatic Masters,AB,Alberta,,No Website,No Website,,
Airdrie Phoenix Swim Club,AB,Alberta,https://www.gomotionapp.com/team/abapsc/page/home,GoMotion,Swim-specific,https://www.gomotionapp.com/team/abapsc/page/home,
Athabasca Rapids Swim Club,AB,Alberta,,No Website,No Website,,
Barrhead Swim Club,AB,Alberta,,No Website,No Website,,
Bonnyville Requins Swim Club,AB,Alberta,,No Website,No Website,,
Cascade Swim Club,AB,Alberta,https://www.CascadeSwimming.com,PoolQ,Swim-specific,https://www.cascadeswimming.com/,
Calgary Dolphins Swim Club,AB,Alberta,https://calgarydolphins.ca,Error,Error,https://calgarydolphins.ca,"HTTPSConnectionPool(host='calgarydolphins.ca', port=443): Max retries exceeded with url: / (Caused by ConnectTimeoutError(<HTTPSConnection(host='calgarydolphins.ca', port=443) at 0x1fe5488e210>, 'Connection to calgarydolphins.ca timed out. (connect timeout=12)'))"
Calgary Patriots Swim Club,AB,Alberta,https://cp.poolq.net,PoolQ,Swim-specific,https://cp.poolq.net/,
Highwood Current Swim Club,AB,Alberta,https://www.highwoodcurrent.ca,PoolQ,Swim-specific,https://www.highwoodcurrent.ca/,
Calgary Winter Club,AB,Alberta,https://www.sealions.ca,PoolQ,Swim-specific,https://www.sealions.ca/,
Edmonton Masters Swim Club,AB,Alberta,https://edmontonmasters.org,WordPress,CMS / Website builder,https://edmontonmasters.org/,
Fort McMurray Mantas Swim Club,AB,Alberta,,No Website,No Website,,
Foothills Masters Swim Club,AB,Alberta,,No Website,No Website,,
Glencoe Gators Swim Club,AB,Alberta,https://gators.poolq.net,PoolQ,Swim-specific,https://gators.poolq.net/,
Grande Prairie Piranhas Swim Club,AB,Alberta,https://gppiranhas.com,Unknown / Custom,Unknown / Custom,https://gppiranhas.com/,
Hay River Swim Club,NT,Northwest Territories,,No Website,No Website,,
Killarney Swim Club,AB,Alberta,https://ksc.poolq.net,PoolQ,Swim-specific,https://ksc.poolq.net/,
La Swim Club,AB,Alberta,https://www.gomotionapp.com/team/canlasc/page/home,GoMotion,Swim-specific,https://www.gomotionapp.com/team/canlasc/page/home,
Lac La Biche Whitecaps Swim Club,AB,Alberta,,No Website,No Website,,
Lethbridge Amateur Masters Swim Club,AB,Alberta,https://www.gomotionapp.com/team/canlasc/page/home,GoMotion,Swim-specific,https://www.gomotionapp.com/team/canlasc/page/home,
Lloydminster Riptides Swim Club,SK,Saskatchewan,https://lrsc.poolq.net,PoolQ,Swim-specific,https://lrsc.poolq.net/,
Okotoks Mavericks Swimming,AB,Alberta,https://www.okotoksmavericks.com,Error,Error,https://www.okotoksmavericks.com,"HTTPSConnectionPool(host='www.okotoksmavericks.com', port=443): Max retries exceeded with url: / (Caused by ConnectTimeoutError(<HTTPSConnection(host='www.okotoksmavericks.com', port=443) at 0x1fe5488e490>, 'Connection to www.okotoksmavericks.com timed out. (connect timeout=12)'))"
Mackenzie Muskrat Swim Club,NT,Northwest Territories,,No Website,No Website,,
Calgary Nomads Masters Swimming,,,,No Website,No Website,,
Olds Rapids Swim Club,AB,Alberta,,No Website,No Website,,
Olympian Swim Club,AB,Alberta,https://www.olympianswimclub.com,PoolQ,Swim-specific,https://www.olympianswimclub.com/,
Parkland Pirates Aquatic Club,AB,Alberta,https://www.parklandpirates.ca,Unknown / Custom,Unknown / Custom,https://www.parklandpirates.ca/,
Ponoka Pool Sharks Swim Club,AB,Alberta,https://www.gomotionapp.com/team/canabpps/page/home,GoMotion,Swim-specific,https://www.gomotionapp.com/team/canabpps/page/home,
Peace River Wahoos Swim Club,,,,No Website,No Website,,
Red Deer Catalina Swim Club,AB,Alberta,https://Www.reddeercatalina.ca,PoolQ,Swim-specific,https://www.reddeercatalina.ca/,
Bow Valley Riptides Swim Club,AB,Alberta,https://riptides.ca,PoolQ,Swim-specific,https://riptides.ca/,
Rocky Mountain Masters Swim Club,AB,Alberta,,No Website,No Website,,
Steadward Bears Para Swimming,AB,Alberta,https://uab.ca/tsc,Google Sites,CMS / Website builder,https://www.ualberta.ca/en/steadward-centre/index.html?utm_medium=vanity&utm_campaign=vanity&utm_content=uab.ca%2Ftsc&utm_source=vanity,
Sylvan Lake Swim Club,,,https://www.gomotionapp.com/team/cansln/page/home,GoMotion,Swim-specific,https://www.gomotionapp.com/team/cansln/page/home,
Special Olympics Alberta,AB,Alberta,https://www.specialolympics.ab.ca,Unknown / Custom,Unknown / Custom,https://www.specialolympics.ab.ca/,
Stettler Swim Club,AB,Alberta,https://www.stettlerswimclub.ca,WordPress,CMS / Website builder,https://www.stettlerswimclub.ca/stettlerswimclub/,
Triton Swimming,AB,Alberta,https://www.gomotionapp.com/team/canbs/page/home,GoMotion,Swim-specific,https://www.tritonswimclub.ca/page/home,
University of Alberta Masters,AB,Alberta,https://www.ualberta.ca/en/campus-community-recreation/our-programs/club-sports/swim.html,University / Institution,University / Institution,https://www.ualberta.ca/en/campus-community-recreation/programs/club-sports/swim.html,
University Of Calgary Swim Club,AB,Alberta,https://calgaryswimming.com,PoolQ,Swim-specific,https://www.calgaryswimming.com/,
University Of Calgary Varsity,AB,Alberta,https://godinos.com/swimming,Sidearm Sports,Sports management,https://godinos.com/404-1.aspx?url=%2fswimming,
University Of Lethbridge,AB,Alberta,https://gohorns.ca,Sidearm Sports,Sports management,https://gohorns.ca/,
Medicine Hat Waves Swim Club,AB,Alberta,,No Website,No Website,,
Yellowknife Polar Bear Swim Club,NT,Northwest Territories,https://www.gomotionapp.com/team/ntypbsc/page/home,GoMotion,Swim-specific,https://www.gomotionapp.com/team/ntypbsc/page/home,
Breakwater Masters Swim Club,BC,British Columbia,https://breakwatermastersswimclub.com,WordPress,CMS / Website builder,https://breakwatermastersswimclub.com/,
Chilliwack Masters Swim Club,,,https://chilliwackmastersswimming.com,WordPress,CMS / Website builder,https://chilliwackmastersswimming.com/,
English Bay Swim Club,BC,British Columbia,https://www.englishbay.org,Weebly,CMS / Website builder,https://www.englishbay.org/,
Nanaimo Ebbtides,,,https://www.ebbtides.ca,Wix,CMS / Website builder,https://www.ebbtides.ca/,
North Shore Masters,BC,British Columbia,https://www.northshoremasters.ca,WordPress,CMS / Website builder,https://northshoremasters.ca/,
Okanagan Masters Swim Club,BC,British Columbia,https://okmasters.com,WordPress,CMS / Website builder,https://okmasters.com/,
Ravensong Masters Swim Club,BC,British Columbia,,No Website,No Website,,
Royal Masters Swim Club,BC,British Columbia,https://rmswim.club,Squarespace,CMS / Website builder,https://www.rmswim.club/,
UBC Masters Swim Club,BC,British Columbia,https://www.ubcmasters.com,PoolQ,Swim-specific,https://www.ubcmasters.com/,
Victoria Masters Swim Club,BC,British Columbia,https://www.victoriamasters.ca,PoolQ,Swim-specific,https://www.victoriamasters.ca/,
WestShore Masters Swim Club,BC,British Columbia,https://westshoremasters.ca,WordPress,CMS / Website builder,https://westshoremasters.ca/,
Westside Thunder Masters Swim,BC,British Columbia,,No Website,No Website,,
Yukon Graylings Masters,YT,Yukon,https://www.yukongraylingsmasters.com,JerseyWatch,Sports management,https://www.yukongraylingsmasters.com/,
Aurora Master Ducks,ON,Ontario,https://masterducks.ca,GoMotion,Swim-specific,https://www.masterducks.ca/page/home,
Etobicoke Olympium Masters Aquatic Club,ON,Ontario,https://www.eomac.ca,Squarespace,CMS / Website builder,https://www.eomac.ca/,
Granite Masters,ON,Ontario,,No Website,No Website,,
North Toronto Masters,ON,Ontario,https://www.swimordie.ca,Unknown / Custom,Unknown / Custom,https://www.swimordie.ca/,
Georgian Bay Squall,ON,Ontario,https://www.Georgianbaysquall.ca,GoMotion,Swim-specific,https://www.georgianbaysquall.ca/page/home,
Technosport Masters,ON,Ontario,https://www.technosport.ca,WordPress,CMS / Website builder,https://www.technosport.ca/,
Moncton H2O Masters,NB,New Brunswick,https://www.mh2o.ca,Unknown / Custom,Unknown / Custom,https://www.mh2o.ca/,
Mount Allison Mounties,NB,New Brunswick,,No Website,No Website,,
Swim New Brunswick,NB,New Brunswick,https://swimnb.poolq.net,PoolQ,Swim-specific,https://swimnb.poolq.net/,
Swimming New Brunswick,NB,New Brunswick,https://swimnb.poolq.net,PoolQ,Swim-specific,https://swimnb.poolq.net/,
UNB Reds,NB,New Brunswick,https://www.unbswimming.ca,Wix,CMS / Website builder,https://www.unbswimming.ca/,
Swimming Province,ON,Ontario,https://www.swimmingclub.com,Unknown / Custom,Unknown / Custom,https://www.swimmingclub.com/,
Swimming Club,ON,Ontario,https://www.swimmingclub.com,Unknown / Custom,Unknown / Custom,https://www.swimmingclub.com/,
Beaverlodge Barracudas,AB,Alberta,https://www.beaverlodgebarracudas.ca,Amilia,Swim-specific,https://www.beaverlodgebarracudas.ca/,
Grande Prairie Aquarians,AB,Alberta,,No Website,No Website,,
High Level Stingrays,AB,Alberta,,No Website,No Website,,
High Prairie Dolphins,AB,Alberta,,No Website,No Website,,
Peace River Porpoises,AB,Alberta,,No Website,No Website,,
Slave Lake Sharks,AB,Alberta,,No Website,No Website,,
Smoky River Manatees,AB,Alberta,,No Website,No Website,,
Spirit River Seawolves,AB,Alberta,,No Website,No Website,,
Valleyview Vipers,AB,Alberta,,No Website,No Website,,
North Edmonton Swim Club,AB,Alberta,https://nescassa.wixsite.com/nesc,Wix,CMS / Website builder,https://nescassa.wixsite.com/nesc,
Spruce Grove Barracudas,AB,Alberta,https://www.sgbarracudas.ca,GoMotion,Swim-specific,https://www.gomotionapp.com/team/cansgbsc/page/home,
St. Albert Sailfish,AB,Alberta,https://www.gomotionapp.com/team/cansas/page/home,GoMotion,Swim-specific,https://www.gomotionapp.com/team/cansas/page/home,
Stony Plain Sharks,AB,Alberta,https://www.stonyplainsharks.com,GoMotion,Swim-specific,https://www.stonyplainsharks.com/,
Whitecourt Blue Dolphins,AB,Alberta,https://www.bluedolphins.ca,GoMotion,Swim-specific,https://www.bluedolphins.ca/page/home,
Camrose Sea Serpents,AB,Alberta,https://www.gomotionapp.com/team/abcss/page/home,GoMotion,Swim-specific,https://www.gomotionapp.com/team/abcss/page/home,
Fort Saskatchewan Piranhas,AB,Alberta,https://www.gomotionapp.com/team/assapsc/page/home,GoMotion,Swim-specific,https://www.gomotionapp.com/team/assapsc/page/home,
Edmonton Huma,AB,Alberta,https://www.humaswimclub.com,PoolQ,Swim-specific,https://www.humaswimclub.com/,
Lloydminster Rebels,AB,Alberta,https://www.gomotionapp.com/team/recablr/page/home,GoMotion,Swim-specific,https://www.gomotionapp.com/team/recablr/page/home,
Millennium Marlins,AB,Alberta,https://www.gomotionapp.com/team/canmmssc/page/home,GoMotion,Swim-specific,https://www.gomotionapp.com/team/canmmssc/page/home,
Vermilion Vipers,AB,Alberta,,No Website,No Website,,
Wainwright Torpedoes,AB,Alberta,https://www.gomotionapp.com/team/assawtsc/page/home,GoMotion,Swim-specific,https://www.gomotionapp.com/team/assawtsc/page/home,
Wetaskiwin Olympians,AB,Alberta,https://www.wetaskiwinolympians.com,Unknown / Custom,Unknown / Custom,https://www.wetaskiwinolympians.com/,
Forestburg Aquanauts,AB,Alberta,,No Website,No Website,,
Hanna Seals,AB,Alberta,,No Website,No Website,,
Ponoka Gators,AB,Alberta,https://www.ponokagators.com,Error,Error,https://www.ponokagators.com,"HTTPSConnectionPool(host='www.ponokagators.com', port=443): Max retries exceeded with url: / (Caused by NameResolutionError(""HTTPSConnection(host='www.ponokagators.com', port=443): Failed to resolve 'www.ponokagators.com' ([Errno 11001] getaddrinfo failed)""))"
Red Deer Marlins,AB,Alberta,https://www.gomotionapp.com/team/assardm/page/home,GoMotion,Swim-specific,https://www.gomotionapp.com/team/assardm/page/home,
Calgary Swordfish,AB,Alberta,http://www.calgaryswordfish.com,Active Network,Sports management,http://www.calgaryswordfish.com/,
Canmore Coho,AB,Alberta,https://canmorecoho.swimtopia.com,SwimTopia,Swim-specific,https://canmorecoho.swimtopia.com/,
Cochrane Piranhas,AB,Alberta,https://cochranepiranhas.ca,SwimTopia,Swim-specific,https://www.cochranepiranhas.ca/,
Didsbury Aqua-Jets,AB,Alberta,https://didsburyaquajets.wixsite.com/aquajets,Wix,CMS / Website builder,https://didsburyaquajets.wixsite.com/aquajets,
Claresholm Kraken,AB,Alberta,https://www.gomotionapp.com/team/canassacksc/page/home,GoMotion,Swim-specific,https://www.gomotionapp.com/team/canassacksc/page/home,
Crowsnest Pass Piranhas,AB,Alberta,https://www.gomotionapp.com/team/assapass/page/home,GoMotion,Swim-specific,https://www.gomotionapp.com/team/assapass/page/home,
Fort MacLeod Swim Club,AB,Alberta,,No Website,No Website,,
Medicine Hat Manta Rays,AB,Alberta,https://www.gomotionapp.com/team/assamhssc/page/home,GoMotion,Swim-specific,https://www.gomotionapp.com/team/assamhssc/page/home,
Nanton Marlins,AB,Alberta,https://www.nantonmarlins.com,Error,Error,https://www.nantonmarlins.com,"HTTPConnectionPool(host='www.teamunify.com', port=80): Read timed out. (read timeout=12)"
Pincher Creek Dolphins,AB,Alberta,,No Website,No Website,,
Taber Vipers,AB,Alberta,https://www.tabervipers.com,Google Sites,CMS / Website builder,https://www.tabervipers.com/,
CSCA,BC,British Columbia,https://www.csca.org,Unknown / Custom,Unknown / Custom,https://www.csca.org/,
Blue Aquatic Club,ON,Ontario,,No Website,No Website,,
Advent Swim Academy,,,https://adventswim.com,WordPress,CMS / Website builder,https://adventswim.com/,
Hyack Swim Club,BC,British Columbia,,No Website,No Website,,
Simon Fraser University,BC,British Columbia,https://athletics.sfu.ca/sports/swimming,Sidearm Sports,Sports management,https://athletics.sfu.ca/sports/swimming,
Arbutus Swim Team,BC,British Columbia,https://www.arbutusclub.com,Jonas Club Software,Sports management,https://www.arbutusclub.com/,
Olympians Swimming,BC,British Columbia,https://langleyolympians.com,PoolQ,Swim-specific,https://langleyolympians.com/,
Ridge Meadows Swim Club,BC,British Columbia,https://www.rmsctitans.ca,PoolQ,Swim-specific,https://www.rmsctitans.ca/,
Surrey Knights Swim Club,,,https://www.surreyknights.com,PoolQ,Swim-specific,https://www.surreyknights.com/,
Spartan Swim Club,BC,British Columbia,https://www.gomotionapp.com/team/canbcssc/page/home,GoMotion,Swim-specific,https://www.gomotionapp.com/team/canbcssc/page/home,
Cranbrook Tritons,BC,British Columbia,https://cranbrooktritons.com,PoolQ,Swim-specific,https://cranbrooktritons.com/,
Elk Valley Dolphins,BC,British Columbia,https://www.evdsc.com,PoolQ,Swim-specific,https://www.evdsc.com/,
Kitimat Marlins,BC,British Columbia,https://www.kmsc.poolq.net,PoolQ,Swim-specific,https://www.kmsc.poolq.net/,
Terrace Blueback Swim Club,BC,British Columbia,https://tbsc.poolq.net,PoolQ,Swim-specific,https://tbsc.poolq.net/,
Kelowna Aquajets,BC,British Columbia,https://www.kelownaaquajets.com,PoolQ,Swim-specific,https://www.kelownaaquajets.com/,
KISU Swim Club,BC,British Columbia,https://kisu.ca,GoMotion,Swim-specific,https://www.kisu.ca/page/home,
Canadian Dolphin Swim Club,BC,British Columbia,https://www.canadiandolphin.ca,Unknown / Custom,Unknown / Custom,https://www.canadiandolphin.ca/,
Chena Swim Club,,,https://www.chenaswimclub.ca,Unknown / Custom,Unknown / Custom,https://www.chenaswimclub.ca/,
Chinook Swim Club,BC,British Columbia,https://Chinook.pool.net,Unknown / Custom,Unknown / Custom,https://chinook.pool.net/,
Delta Sungod Swim Club,BC,British Columbia,https://www.teamsungod.ca,PoolQ,Swim-specific,https://www.teamsungod.ca/,
Hollyburn Swim Team,BC,British Columbia,https://HST.poolq.net,PoolQ,Swim-specific,https://hst.poolq.net/,
Richmond Rapids Swim Club,BC,British Columbia,https://www.richmondrapids.com,Unknown / Custom,Unknown / Custom,https://www.richmondrapids.com/,
Swim Faster Club,BC,British Columbia,https://www.swimfaster.ca,GoMotion,Swim-specific,https://www.swimfaster.ca/page/home,
University Of British Columbia,BC,British Columbia,https://gothunderbirds.ca,Sidearm Sports,Sports management,https://gothunderbirds.ca/,
Vancouver Pacific Swim Club,BC,British Columbia,https://vpsc.poolq.net,PoolQ,Swim-specific,https://vpsc.poolq.net/,
Winskill Dolphins,BC,British Columbia,https://www.winskilldolphins.ca,PoolQ,Swim-specific,https://www.winskilldolphins.ca/,
Wayland Swim Club,BC,British Columbia,https://www.gomotionapp.com/team/canwsc/page/home,GoMotion,Swim-specific,https://www.gomotionapp.com/team/canwsc/page/home,
Whistler Seawolves Swim Club,BC,British Columbia,https://www.whistlerseawolves.com,Squarespace,CMS / Website builder,https://www.whistlerseawolves.com/,
Comox Valley Aquatic Club,,,,No Website,No Website,,
Island Swimming Club,BC,British Columbia,https://islandswimming.com,PoolQ,Swim-specific,https://www.islandswimming.com/,
Ladysmith/Chemainus,BC,British Columbia,https://lcsc.poolq.net,PoolQ,Swim-specific,https://lcsc.poolq.net/,
Nanaimo Riptides Swim Team,BC,British Columbia,https://nanaimoriptides.com,PoolQ,Swim-specific,https://www.nanaimoriptides.com/,
Ravensong Aquatic Club,BC,British Columbia,https://racbreakers.com,Error,Error,https://racbreakers.com,"HTTPSConnectionPool(host='racbreakers.com', port=443): Max retries exceeded with url: / (Caused by ConnectTimeoutError(<HTTPSConnection(host='racbreakers.com', port=443) at 0x1fe55118690>, 'Connection to racbreakers.com timed out. (connect timeout=12)'))"
UVIC VIKES Swim Team,BC,British Columbia,https://govikesgo.com,Sidearm Sports,Sports management,https://govikesgo.com/,
Pacific Coast Swimming,BC,British Columbia,https://www.pacificcoastswimming.com,PoolQ,Swim-specific,https://www.pacificcoastswimming.com/,
West Coast Wind,,,https://www.westcoastwind.ca,PoolQ,Swim-specific,https://www.westcoastwind.ca/,
Fredericton Aquanauts Swim Team,NB,New Brunswick,,No Website,No Website,,
St. Stephen Aquatic Club,,,https://ssac.poolq.net,PoolQ,Swim-specific,https://ssac.poolq.net/,
Saint John Fundy Aquatic Club,NB,New Brunswick,https://tide.poolq.net,PoolQ,Swim-specific,https://tide.poolq.net/,
Club Campbellton Aquatika Club,,,https://aqua.poolq.net,PoolQ,Swim-specific,https://aqua.poolq.net/,
Bathurst BLAST,NB,New Brunswick,https://www.bathurstblast.ca,PoolQ,Swim-specific,https://www.bathurstblast.ca/,
Club de natation de Shippagan,NB,New Brunswick,,No Website,No Website,,
Les Espadons,NB,New Brunswick,https://www.lesespadons.com,Unknown / Custom,Unknown / Custom,https://ccrcnm.org/,
Les Octopus Caraquet,NB,New Brunswick,,No Website,No Website,,
Natation Edmundston Swimming,NB,New Brunswick,https://www.clubnes.org,PoolQ,Swim-specific,https://www.clubnes.org/,
Melfort Marlins Swim Club,,,https://melfortmarlins.wixsite.com/mmsst,Wix,CMS / Website builder,https://melfortmarlins.wixsite.com/mmsst,
Nipawin Lions Speed Swim Club,,,,No Website,No Website,,
Prince Albert Sharks Swim Club,SK,Saskatchewan,,No Website,No Website,,
Yorkton Storm Swim Club,SK,Saskatchewan,https://www.yorktonstormswimclub.com,TeamLinkt,Sports management,https://www.yorktonstormswimclub.com/yorktonstormswimclub2/,
Humboldt Hammerheads Swim Team,SK,Saskatchewan,,No Website,No Website,,
Watrous Whitecaps Swim Club,SK,Saskatchewan,,No Website,No Website,,
Flatland Sport,SK,Saskatchewan,https://www.gomotionapp.com/team/canskfs/page/home,GoMotion,Swim-specific,https://www.gomotionapp.com/team/canskfs/page/home,
Regina Marlins Swim Club,SK,Saskatchewan,https://www.reginamarlins.com/page/home,GoMotion,Swim-specific,https://www.reginamarlins.com/page/home,
Regina Masters Swim Club,SK,Saskatchewan,https://www.gomotionapp.com/team/skrmsc/page/home,GoMotion,Swim-specific,https://www.gomotionapp.com/team/skrmsc/page/home,
Regina Optimist Dolphin Swim Team,SK,Saskatchewan,https://reginadolphins.com,GoMotion,Swim-specific,https://www.reginadolphins.com/page/home,
Regina Piranhas Summer Swim Club,,,https://www.reginapiranhas.com,Google Sites,CMS / Website builder,https://www.reginapiranhas.com/,
University Of Regina Cougar Swimming,SK,Saskatchewan,https://cougarsandrams.com/sports/swimming-and-diving,TeamUnify,Swim-specific,https://cougarsandrams.com/sports/swimming-and-diving,
Battlefords Kinsmen Orcas Swim Club,SK,Saskatchewan,https://www.battlefordsorcas.com,Active Network,Sports management,https://www.battlefordsorcas.com/,
Elrose Prairie Speed Swim Club,SK,Saskatchewan,,No Website,No Website,,
Kindersley Swim Club,,,,No Website,No Website,,
Manta Ray Swim Club,SK,Saskatchewan,,No Website,No Website,,
Rosetown Royals Speed Swim Team,SK,Saskatchewan,,No Website,No Website,,
Saskatoon Goldfins Swim Club,SK,Saskatchewan,https://goldfins.ca,PoolQ,Swim-specific,https://goldfins.ca/,
Saskatoon Laser Swim Club,SK,Saskatchewan,https://laserswimming.ca,PoolQ,Swim-specific,https://laserswimming.ca/,
Saskatoon Sharks Summer Swim Club,SK,Saskatchewan,https://saskatoonsharks.com,GoDaddy Website Builder,CMS / Website builder,https://saskatoonsharks.com/,
Estevan Golden Eels Summer Swim Club,,,,No Website,No Website,,
Oxbow Seawolves Aquatic Club,,,,No Website,No Website,,
Rocanville Tiger Sharks Summer Swim Club,,,,No Website,No Website,,
Weyburn Silver Seals Swim Club,,,,No Website,No Website,,
Moose Jaw Kinsmen Flying Fins,SK,Saskatchewan,https://www.gomotionapp.com/team/canmjkff/page/home,GoMotion,Swim-specific,https://www.gomotionapp.com/team/canmjkff/page/home,
Swift Current ACT Stingrays Swim Club,SK,Saskatchewan,https://swiftcurrentstingr.wixsite.com/act-swift-stingray-1,Wix,CMS / Website builder,https://swiftcurrentstingr.wixsite.com/act-swift-stingray-1,
Swift Current Barracudas,SK,Saskatchewan,,No Website,No Website,,
Ajax Aquatic Club,ON,Ontario,https://ajaxaquaticclub.com,GoDaddy Website Builder,CMS / Website builder,https://ajaxaquaticclub.com/,
Acton Aqua Ducks,ON,Ontario,https://www.actonaquaducks.ca,Unknown / Custom,Unknown / Custom,https://www.actonaquaducks.ca/,
Swim Apex Aquatic Club,ON,Ontario,https://www.swimapex.com,iClass Pro,Sports management,https://swimapex.com/,
Blue Waves Swim Club,ON,Ontario,https://www.bluewaves.club,Wix,CMS / Website builder,https://www.bluewaves.club/,
Cobra Swim Club,ON,Ontario,https://www.gomotionapp.com/team/cancobra/page/home,GoMotion,Swim-specific,https://www.cobraswimclub.com/page/home,
Crest Swimming,ON,Ontario,https://www.crestswimming.ca,GoMotion,Swim-specific,https://www.crestswimming.ca/page/home,
Aurora Ducks Swimming Club,ON,Ontario,https://www.gomotionapp.com/team/canducks/page/home,GoMotion,Swim-specific,https://www.gomotionapp.com/team/canducks/page/home,
Etobicoke Swim Club,ON,Ontario,https://eswim.ca,GoMotion,Swim-specific,https://www.eswim.ca/page/home,
Granite Gators,ON,Ontario,,No Website,No Website,,
Georgina Rapids Aquatic Club,ON,Ontario,https://www.georginarapids.ca,GoMotion,Swim-specific,https://www.gomotionapp.com/team/cangrac/page/home,
Halton Hills Blue Fins,ON,Ontario,https://www.haltonhillsbluefins.com,Unknown / Custom,Unknown / Custom,https://www.haltonhillsbluefins.com/,
J-Dolphins Swim School,ON,Ontario,https://www.jdolphins.ca,Squarespace,CMS / Website builder,https://www.jdolphins.ca/,
Lakeshore Swim Club,ON,Ontario,https://lakeshoreswimclub.com,PoolQ,Swim-specific,https://lakeshoreswimclub.com/,
Markham Aquatic Club,ON,Ontario,https://www.gomotionapp.com/team/canmac/page/home,GoMotion,Swim-specific,https://www.gomotionapp.com/team/canmac/page/home,
Markovs Aquatic Swimming Club,ON,Ontario,https://markovaquatics.com,WordPress,CMS / Website builder,https://markovaquatics.com/,
Mississauga Aquatic Club,ON,Ontario,https://mississaugaswimming.com,GoMotion,Swim-specific,https://www.gomotionapp.com/team/onmac/page/home,
Northumberland Aquatic Club,ON,Ontario,,No Website,No Website,,
Niki Swimming School,ON,Ontario,,No Website,No Website,,
New Stars Swimming Club,ON,Ontario,https://www.newstarsswimmingclub.com/page/home,GoMotion,Swim-specific,https://www.newstarsswimmingclub.com/page/home,
North York Aquatic Club,ON,Ontario,https://www.gomotionapp.com/team/cannyac/page/home,GoMotion,Swim-specific,https://www.gomotionapp.com/team/cannyac/page/home,
Oakville Aquatic Club,ON,Ontario,https://www.oakvilleaquatics.ca,GoMotion,Swim-specific,https://www.oakvilleaquatics.ca/page/home,
Officials Registration ON,ON,Ontario,,No Website,No Website,,
Oshawa Aquatic Club,ON,Ontario,https://www.gomotionapp.com/team/canoac/page/home,GoMotion,Swim-specific,https://www.gomotionapp.com/team/canoac/page/home,
Pickering Swim Club,ON,Ontario,https://www.pickswimclub.com,Error,Error,https://www.pickswimclub.com,"HTTPConnectionPool(host='www.teamunify.com', port=80): Read timed out. (read timeout=12)"
Ramac Aquatic Club,ON,Ontario,https://ramac.ca,Unknown / Custom,Unknown / Custom,https://ramac.ca/,
Richmond Hill Aquatic Club,ON,Ontario,https://www.gomotionapp.com/team/canrhac/page/home,GoMotion,Swim-specific,https://www.gomotionapp.com/team/canrhac/page/home,
Swimming Dragons,ON,Ontario,https://www.swimmingdragons.ca,Error,Error,https://www.swimmingdragons.ca,"('Connection aborted.', ConnectionResetError(10054, 'An existing connection was forcibly closed by the remote host', None, 10054, None))"
Clarington Swim Club,,,https://claringtonswimclub.org,GoMotion,Swim-specific,https://www.claringtonswimclub.org/page/home,
The Dorado Stars Swim Club,ON,Ontario,https://doradoswimclub.ca,GoMotion,Swim-specific,https://www.doradoswimclub.ca/page/home,
Toronto Olympian Swim Team,ON,Ontario,https://www.torchswim.com,GoMotion,Swim-specific,https://www.gomotionapp.com/team/canops/page/home,
Toronto Swim Club,ON,Ontario,https://www.torontoswimclub.com,Unknown / Custom,Unknown / Custom,https://www.torontoswimclub.com/,
Uxbridge Swim Club,ON,Ontario,https://www.gomotionapp.com/team/canusc/page/home,GoMotion,Swim-specific,https://www.gomotionapp.com/team/canusc/page/home,
Vaughan Aquatic Club,ON,Ontario,https://vaughanaquaticclub.com,WordPress,CMS / Website builder,https://vaughanaquaticclub.com/,
Variety Village Aquatic Club,ON,Ontario,,No Website,No Website,,
Whitby Swimming,ON,Ontario,https://www.gomotionapp.com/team/canwdsc/page/home,GoMotion,Swim-specific,https://www.gomotionapp.com/team/canwdsc/page/home,
York Swim Club,ON,Ontario,https://www.yorkswimclub.ca,GoMotion,Swim-specific,https://www.yorkswimclub.ca/page/home,
Arnprior Blue Fish Swim Club,ON,Ontario,https://www.arnpriorbluefish.net,Google Sites,CMS / Website builder,https://www.arnpriorbluefish.net/,
Belleville Beast Swim Team,ON,Ontario,https://bellevilleswimming.ca,Squarespace,CMS / Website builder,https://bellevilleswimming.ca/,
Cornwall Sea Lions,ON,Ontario,https://www.cornwallsealions.ca,Unknown / Custom,Unknown / Custom,https://www.cornwallsealions.ca/,
Deep River Candu,ON,Ontario,,No Website,No Website,,
Greater Ottawa Kingfish Swim Club,ON,Ontario,https://gokingfish.ca,Error,Error,https://gokingfish.ca,"HTTPSConnectionPool(host='gokingfish.ca', port=443): Max retries exceeded with url: / (Caused by ConnectTimeoutError(<HTTPSConnection(host='gokingfish.ca', port=443) at 0x1fe55119e50>, 'Connection to gokingfish.ca timed out. (connect timeout=12)'))"
Goulbourn Sea Hawks,ON,Ontario,https://www.swimgsh.ca,GoMotion,Swim-specific,https://www.swimgsh.ca/page/home,
Nepean Kanata Barracudas,ON,Ontario,https://www.gomotionapp.com/team/cannkb/page/home,GoMotion,Swim-specific,https://www.gomotionapp.com/team/cannkb/page/home,
Hawkesbury Orca,ON,Ontario,,No Website,No Website,,
Ottawa Swim Club,ON,Ontario,https://www.ottawaswimclub.ca,WordPress,CMS / Website builder,https://ottawaswimclub.ca/,
Ottawa Y Olympians,ON,Ontario,https://www.oyoswim.ca,Unknown / Custom,Unknown / Custom,https://www.oyoswim.ca/,
Perth Stingrays Aquatic Club,ON,Ontario,http://www.perthstingrays.com,GoMotion,Swim-specific,https://www.gomotionapp.com/team/canpsac/page/home,
ROC Swimming,ON,Ontario,https://www.gomotionapp.com/team/canrocs/page/home,GoMotion,Swim-specific,https://www.gomotionapp.com/team/canrocs/page/home,
Swim Ottawa,ON,Ontario,https://www.swimottawa.ca,PoolQ,Swim-specific,https://www.swimottawa.ca/,
Upper Canada Swim Club,ON,Ontario,https://riverotters.ca,Active Network,Sports management,https://riverotters.ca/,
Breakers Swim Team,ON,Ontario,https://www.breakersswimteam.com,PoolQ,Swim-specific,https://www.breakersswimteam.com/,
Barrie Trojan Swim Club,ON,Ontario,https://www.barrieswimming.ca,GoMotion,Swim-specific,https://www.barrieswimming.ca/page/home,
Orillia Channel Cats,ON,Ontario,,No Website,No Website,,
Lindsay Lightningbolts Swim Club,ON,Ontario,https://www.lindsaylightningbolts.com,PoolQ,Swim-specific,https://www.lindsaylightningbolts.com/,
Muskoka Aquatic Club,ON,Ontario,,No Website,No Website,,
Owen Sound Aquatic Club,ON,Ontario,https://www.gomotionapp.com/team/canosac/page/home,GoMotion,Swim-specific,https://www.gomotionapp.com/team/canosac/page/home,
Peterborough Swim Club,ON,Ontario,https://www.ptboswimclub.com,GoMotion,Swim-specific,https://www.ptboswimclub.com/page/home,
Cochrane Great Whites,ON,Ontario,,No Website,No Website,,
Kapswim,ON,Ontario,,No Website,No Website,,
Kirkland Lake Aquatic Club,ON,Ontario,https://www.klacstingrays.com,Wix,CMS / Website builder,https://www.klacstingrays.com/,
North Bay Y Titans,ON,Ontario,https://www.gomotionapp.com/team/cannbt/page/home,GoMotion,Swim-specific,https://www.gomotionapp.com/team/cannbt/page/home,
SUDBURY LAURENTIAN SWIM CLUB,ON,Ontario,https://www.sudburyswimming.ca,PoolQ,Swim-specific,https://www.sudburyswimming.ca/,
Sault Surge Aquatic Team,,,https://www.gomotionapp.com/team/cannsac/page/home,GoMotion,Swim-specific,https://www.saultsurge.com/page/home,
Temiskaming Northern Loons,ON,Ontario,https://www.tnlswim.com/coaches,Wix,CMS / Website builder,https://www.tnlswim.com/coaches,
Valley East Waves,ON,Ontario,https://www.gomotionapp.com/team/canvew/page/home,GoMotion,Swim-specific,https://www.gomotionapp.com/team/canvew/page/home,
Dryden Dolphins,ON,Ontario,https://sites.google.com/view/dryden-dolphins-swim-club/home,Google Sites,CMS / Website builder,https://sites.google.com/view/dryden-dolphins-swim-club/home,
Nakokita Aquatic Club,ON,Ontario,https://www.keeta.ca,Error,Error,https://www.keeta.ca,"HTTPSConnectionPool(host='www.keeta.ca', port=443): Max retries exceeded with url: / (Caused by ConnectTimeoutError(<HTTPSConnection(host='www.keeta.ca', port=443) at 0x1fe5511a710>, 'Connection to www.keeta.ca timed out. (connect timeout=12)'))"
Kenora Swimming,ON,Ontario,https://www.kenoraswimming.ca/home,Google Sites,CMS / Website builder,https://www.kenoraswimming.ca/home,
Thunder Bay Thunderbolts,ON,Ontario,https://www.gomotionapp.com/team/cantbt/page/home,GoMotion,Swim-specific,https://www.thunderbolts.ca/page/home,
University Of Toronto,ON,Ontario,https://www.varsityblues.ca/sports/swimming,Sidearm Sports,Sports management,https://varsityblues.ca/sports/swimming,
Wilfrid Laurier University,ON,Ontario,,No Website,No Website,,
York University,ON,Ontario,https://yorkulions.ca,Sidearm Sports,Sports management,https://yorkulions.ca/,
Aylmer Optimist Arrows,ON,Ontario,,No Website,No Website,,
Burlington Aquatic Devilrays,ON,Ontario,https://www.gomotionapp.com/team/canbad/page/home,GoMotion,Swim-specific,https://www.burlingtondevilrays.ca/page/home,
Blenheim Blast,ON,Ontario,,No Website,No Website,,
Brock Niagara Aquatics,ON,Ontario,https://www.bing.com/search?pglt=41&q=brock+niagara+aquatics&cvid=bc1a91ad5d7e40278fb9ee3d43f7576d&gs_lcrp=EgZjaHJvbWUqBggBEAAYQDIGCAAQRRg5MgYIARAAGEAyBggCEAAYQDIGCAMQABhA0gEINzUyMGowajGoAgCwAgA&FORM=,No Website,No Website,https://www.bing.com/search?pglt=41&q=brock+niagara+aquatics&cvid=bc1a91ad5d7e40278fb9ee3d43f7576d&gs_lcrp=EgZjaHJvbWUqBggBEAAYQDIGCAAQRRg5MgYIARAAGEAyBggCEAAYQDIGCAMQABhA0gEINzUyMGowajGoAgCwAgA&FORM=,
Cambridge Aquajets,,,https://www.cambridgeaquajets.com,Unknown / Custom,Unknown / Custom,https://www.cambridgeaquajets.com/,
Golden Horseshoe Aquatic Club,ON,Ontario,https://www.ghacswimming.ca,Error,Error,https://www.ghacswimming.ca,"HTTPSConnectionPool(host='www.ghacswimming.ca', port=443): Max retries exceeded with url: / (Caused by ConnectTimeoutError(<HTTPSConnection(host='www.ghacswimming.ca', port=443) at 0x1fe5511a710>, 'Connection to www.ghacswimming.ca timed out. (connect timeout=12)'))"
Ingersoll Speed Sharks,ON,Ontario,https://www.ingersollspeedsharks.com,Error,Error,https://www.ingersollspeedsharks.com,"HTTPSConnectionPool(host='www.ingersollspeedsharks.com', port=443): Max retries exceeded with url: / (Caused by ConnectTimeoutError(<HTTPSConnection(host='www.ingersollspeedsharks.com', port=443) at 0x1fe5511ae90>, 'Connection to www.ingersollspeedsharks.com timed out. (connect timeout=12)'))"
Killer Whale Swim Team,ON,Ontario,https://www.kwstlondon.ca,WordPress,CMS / Website builder,https://kwstlondon.ca/,
London Aquatic Club,ON,Ontario,https://www.gomotionapp.com/team/canlac/page/home,GoMotion,Swim-specific,https://www.gomotionapp.com/team/canlac/page/home,
Middlesex Swimming,ON,Ontario,https://www.gomotionapp.com/team/canms/page/home,GoMotion,Swim-specific,https://www.gomotionapp.com/team/canms/page/home,
Norfolk Hammerheads Aquatic Club,ON,Ontario,https://www.gomotionapp.com/team/cannhac/page/home,GoMotion,Swim-specific,https://www.gomotionapp.com/team/cannhac/page/home,
St. Clair Current Swim Club,ON,Ontario,https://www.gomotionapp.com/team/canscc/page/home,GoMotion,Swim-specific,https://www.gomotionapp.com/team/canscc/page/home,
St Thomas Jumbo Jets,ON,Ontario,,No Website,No Website,,
Wilmot Aquatic Aces,ON,Ontario,,No Website,No Website,,
Windsor Aquatic Club,ON,Ontario,https://www.windsoraquatic.com,Unknown / Custom,Unknown / Custom,https://www.windsoraquatic.com/,
CADAC Les Dauphins de Rouyn-Noranda,QC,Quebec,,No Website,No Website,,
RSEQ - Cégep de l'Abitibi-Témiscamingue,QC,Quebec,https://www.cegepat.qc.ca/etudiants/astrelles-et-gaillards,WordPress,CMS / Website builder,https://www.cegepat.qc.ca/etudiants/astrelles-et-gaillards/,
CAEM Club Aquatique de l'Est de Montréal,QC,Quebec,https://caem.club,Amilia,Swim-specific,https://caem.club/,
CAFA Club aquatique Fouiqs Anjou,,,,No Website,No Website,,
CAMO CAMO Natation,QC,Quebec,,No Website,No Website,,
CAPI Club aquatique de la Pointe de l'Ile,QC,Quebec,https://destinationaquatique.org/club-competitif,WordPress,CMS / Website builder,https://destinationaquatique.org/club-competitif/,
CAPN Club aquatique Les Piranhas du Nord,QC,Quebec,https://www.clubcapn.com,Amilia,Swim-specific,https://www.clubcapn.com/,
CASM Club Aquatique Saint-Michel,QC,Quebec,,No Website,No Website,,
CASO Club Aquatique du Sud-Ouest,QC,Quebec,https://caso-montreal.com/competition-natation,WordPress,CMS / Website builder,https://wordpress.com/typo/?subdomain=caso-montreal,
CDNDG Club aquatique Côte-des-Neiges-Notre-Dame-de-Grâce,QC,Quebec,,No Website,No Website,,
CNMN Club de natation Montréal-Nord,QC,Quebec,https://natationmontrealnord.ca,Wix,CMS / Website builder,https://www.natationmontrealnord.ca/,
MACC Maîtres à Contre-Courant,QC,Quebec,https://acontrecourant.qc.ca,WordPress,CMS / Website builder,https://acontrecourant.qc.ca/en/,
RSEQ - McGill McGill University,QC,Quebec,https://www.mcgill.ca/athletics,Sidearm Sports,Sports management,https://mcgillathletics.ca/,
MUMS McGill Masters,QC,Quebec,https://recreation.mcgill.ca/sports-clubs/masters-swim-mums-2022,Webflow,CMS / Website builder,https://recreation.mcgill.ca/sports-clubs/masters-swim-mums-2022,
R2P Club aquatique Rosemont Petite-Patrie,QC,Quebec,https://clubaquatiquerpp.com,Amilia,Swim-specific,https://clubaquatiquerpp.com/,
RSEQ - Collège Bois-de-Boulogne,QC,Quebec,,No Website,No Website,,
RSEQ - Collège de Maisonneuve,QC,Quebec,https://www.cmaisonneuve.qc.ca,WordPress,CMS / Website builder,https://www.cmaisonneuve.qc.ca/,
RSEQ - Cégep Marie-Victorin,QC,Quebec,,No Website,No Website,,
RSEQ - UDEM Université de Montréal,QC,Quebec,https://carabins.umontreal.ca/les-carabins/honneurs,WordPress,CMS / Website builder,https://carabins.umontreal.ca/les-carabins/honneurs/,
CARE Club aquatique régional de l'Érable,QC,Quebec,,No Website,No Website,,
CNBF Club de natation des Bois-Francs,QC,Quebec,,No Website,No Website,,
CNSH Club de natation de St-Hyacinthe,QC,Quebec,https://www.cnshnatation.com/accueil.aspx,Quebec Custom Site,Quebec Custom Site,https://www.cnshnatation.com/accueil.aspx,
ENC Équipe de natation Cowansville,QC,Quebec,https://www.encowansville.ca,Quebec Custom Site,Quebec Custom Site,https://www.encowansville.ca/,
LLOU Club de natation Les Loutres,QC,Quebec,https://www.lesloutres.com,Quebec Custom Site,Quebec Custom Site,https://www.lesloutres.com/,
RED Club de natation Les Requins de Drummondville,QC,Quebec,,No Website,No Website,,
SHER Club de natation Sherbrooke,QC,Quebec,,No Website,No Website,,
STN Sorel-Tracy Natation,QC,Quebec,https://soreltracynatation.com,WordPress,CMS / Website builder,https://soreltracynatation.com/,
RSEQ - Cégep de Drummondville,QC,Quebec,https://www.cegepdrummond.ca/devenir-voltigeurs,WordPress,CMS / Website builder,https://www.cegepdrummond.ca/devenir-voltigeurs/,
RSEQ - Cégep de Victoriaville,QC,Quebec,,No Website,No Website,,
CNSI Club de natation Sept-Iles,QC,Quebec,https://www.cnsi-natation.ca,Quebec Custom Site,Quebec Custom Site,https://www.cnsi-natation.ca/,
LBDF Le Boréal de Fermont,QC,Quebec,,No Website,No Website,,
BG Barracudas Gaspé,QC,Quebec,http://www.barracudas.ca,Google Sites,CMS / Website builder,https://www.barracudas.ca/,
CENIM Club Élite de natation des Iles-de-la-Madeleine,QC,Quebec,,No Website,No Website,,
CNM Club de natation Nautilus de Matane,QC,Quebec,https://www.cnmatane.org,WordPress,CMS / Website builder,https://www.cnmatane.org/,
EMJ Club de natation Les Espadons de Mont-Joli,QC,Quebec,https://app2.sygaction.com/emj,Amilia,Swim-specific,https://app2.sygaction.com/emj/,
LSNR Club de natation Les Saumoneaux de New Richmond,QC,Quebec,,No Website,No Website,,
OP Club de Natation Opti-Plus,QC,Quebec,https://www.natationop.com,WordPress,CMS / Website builder,https://natationop.com/,
RIKI Club de natation les Dauphins de Rimouski,QC,Quebec,https://www.dauphinsrimouski.com,Wix,CMS / Website builder,https://www.dauphinsrimouski.com/,
RSEQ - Cégep de Rimouski,QC,Quebec,https://www.sportsrimouski.com,Amilia,Swim-specific,https://www.sportsrimouski.com/,
RSEQ - UOTT University Of Ottawa,ON,Ontario,https://teams.geegees.ca/sports/swim/index,Presto Sports,Sports management,https://teams.geegees.ca/sports/swim/index,
BBF Beaconsfield Bluefins,QC,Quebec,https://www.bluefins.ca,Amilia,Swim-specific,https://www.bluefins.ca/,
CNSL Club de natation Saint-Laurent,QC,Quebec,https://clubcnsl.com,Error,Error,https://clubcnsl.com,"HTTPSConnectionPool(host='clubcnsl.com', port=443): Read timed out. (read timeout=12)"
CSLA Côte St-Luc Aquatics swim team,QC,Quebec,https://swimteamcotesaintlucaquatics.com,WordPress,CMS / Website builder,https://swimteamcotesaintlucaquatics.com/,
DDO Club de natation Dollard-Des-Ormeaux,QC,Quebec,https://www.ddoswim.com,Quebec Custom Site,Quebec Custom Site,https://www.ddoswim.com/,
MPC Maîtres-Nageurs de Pointe-Claire,,,,No Website,No Website,,
PCSC Pointe-Claire Swim Club,QC,Quebec,https://www.gomotionapp.com/team/canqccapc/page/club-page,GoMotion,Swim-specific,https://www.gomotionapp.com/team/canqccapc/page/club-page,
WYMN Westmount YMCA Maitres Nageurs,QC,Quebec,,No Website,No Website,,
CAMI - Centre aquatique de Mascouche,QC,Quebec,https://centreaquatiquemascouche.com,Amilia,Swim-specific,https://centreaquatiquemascouche.com/,
CNML Club de natation Mont-Laurier,QC,Quebec,,No Website,No Website,,
CNMT Club de natation Mont-Tremblant,QC,Quebec,https://www.natationmont-tremblant.com,Wix,CMS / Website builder,https://www.natationmont-tremblant.com/,
GAMIN Groupe aquatique Mille-Iles Nord,QC,Quebec,https://www.gaminnatation.org,WordPress,CMS / Website builder,https://www.gaminnatation.org/,
JET Joliette Équipe Triathlon,QC,Quebec,https://triathlonjoliette.com/le-club-jet-triathlon,Amilia,Swim-specific,https://triathlonjoliette.com/le-club-jet-triathlon/,
LAVAL Équipe Aquatique Unifiée EAU Laval,,,,No Website,No Website,,
MEGO Club de natation Mégophias de Trois-Rivières,QC,Quebec,https://megophias.com,Quebec Custom Site,Quebec Custom Site,https://megophias.com/,
RSEQ - UQTR Université du Québec à Trois-Rivières,QC,Quebec,https://oraprdnt.uqtr.uquebec.ca/portail/gscw031?owa_no_site=133,University / Institution,University / Institution,https://oraprdnt.uqtr.uquebec.ca/portail/gscw031?owa_no_site=133,
RSEQ - Cégep de St-Jérôme,QC,Quebec,https://www.cstj.qc.ca,WordPress,CMS / Website builder,https://www.cstj.qc.ca/,
RSEQ - Cégep de Shawinigan,QC,Quebec,https://www.cegepshawinigan.ca/futurs-etudiants/vie-sportive/les-electriks,WordPress,CMS / Website builder,https://www.cegepshawinigan.ca/futurs-etudiants/vie-sportive/les-electriks/,
RSEQ - Cégep de Trois-Rivières,QC,Quebec,https://www.cegeptr.qc.ca/etudiants/diablos,WordPress,CMS / Website builder,https://www.cegeptr.qc.ca/etudiants/diablos/,
NG Natation Gatineau,QC,Quebec,https://www.natationgatineau.ca,Amilia,Swim-specific,https://natationgatineau.ca/,
CAC Club Aquatique de Charlesbourg,QC,Quebec,https://www.natationcac.com,Quebec Custom Site,Quebec Custom Site,https://www.natationcac.com/,
MNC Maitres nageurs de la Capitale,QC,Quebec,https://www.mnc-qc.ca,Quebec Custom Site,Quebec Custom Site,https://www.mnc-qc.ca/,
CNQ Club de natation Région de Québec,QC,Quebec,https://cnq.club,Quebec Custom Site,Quebec Custom Site,https://cnq.club/,
CNRB Club de natation Régional de Beauce,QC,Quebec,,No Website,No Website,,
MY Club de natation de Montmagny,QC,Quebec,https://natationmontmagny.com,Quebec Custom Site,Quebec Custom Site,https://natationmontmagny.com/,
RL Club de natation Les Riverains de Lévis,QC,Quebec,https://www.lesriverainslevis.com,Amilia,Swim-specific,https://www.lesriverainslevis.com/,
RSEQ - Cégep Garneau,QC,Quebec,https://gogarneau.ca,WordPress,CMS / Website builder,https://gogarneau.ca/,
RSEQ - Cégep de Saint-Félicien,QC,Quebec,https://cegepstfe.ca,University / Institution,University / Institution,https://cegepstfe.ca/,
RSEQ - Cégep de Thetford,QC,Quebec,https://www.lesfilons.ca,WordPress,CMS / Website builder,https://www.cegepthetford.ca/filons/calendrier-des-matchs-et-webdiffusion/,
UL Club de natation Rouge et Or/Université Laval,QC,Quebec,https://www.rougeetornatation.com/fr,University / Institution,University / Institution,https://www.rougeetornatation.com/fr,
UNIK Unik Pont-Rouge,QC,Quebec,,No Website,No Website,,
CAHB Club aquatique de la Haute-Beauce,QC,Quebec,,No Website,No Website,,
NSH Club de natation Sainte-Foy Haute-Saint-Charles,QC,Quebec,https://natation-nsh.com,WordPress,CMS / Website builder,https://natation-nsh.com/,
BRO La Vague de Brossard,QC,Quebec,https://vaguedebrossard.com,WordPress,CMS / Website builder,https://vaguedebrossard.com/,
CAS Club aquatique Salaberry,QC,Quebec,,No Website,No Website,,
CARO Club aquatique du Roussillon,QC,Quebec,,No Website,No Website,,
CITA Club de natation Les Citadins de Vaudreuil,QC,Quebec,https://www.lescitadinsnatation.com,WordPress,CMS / Website builder,https://www.lescitadinsnatation.com/fr/,
CNC Club de natation Chambly,QC,Quebec,https://www.natationcnc.ca,Wix,CMS / Website builder,https://www.natationcnc.ca/,
MUST Club de natation Mustang Boucherville,QC,Quebec,https://cnmustang.com,WordPress,CMS / Website builder,https://cnmustang.com/,
Club de natation SAMAK,,,https://Natation-samak.org,Unknown / Custom,Unknown / Custom,https://natation-samak.org/,
VELOX Natation,QC,Quebec,https://clubvelox.ca,WordPress,CMS / Website builder,https://clubvelox.ca/,
CNCC Club de natation Chibougamau-Chapais,QC,Quebec,,No Website,No Website,,
CNDM Club de natation de Dolbeau-Mistassini,QC,Quebec,https://www.cndolbeaumistassini.com,Wix,CMS / Website builder,https://www.cndolbeaumistassini.com/,
GAMI Gami de Roberval,QC,Quebec,,No Website,No Website,,
RSEQ - Cégep de Jonquière,QC,Quebec,,No Website,No Website,,
Brandon Bluefins Swim Club,MB,Manitoba,https://brandonbluefins.com,WordPress,CMS / Website builder,https://brandonbluefins.com/,
Central Plains Sea Lions,MB,Manitoba,,No Website,No Website,,
Dolphins Swim Club,MB,Manitoba,https://www.dolphinsswimclubmb.ca,Active Network,Sports management,https://www.dolphinsswimclubmb.ca/,
Manta Swim Club,MB,Manitoba,https://www.mantaswimming.ca,GoMotion,Swim-specific,https://www.gomotionapp.com/team/canmbmsc/page/home,
Manitoba Marlins,MB,Manitoba,https://www.gomotionapp.com/team/mbmm/page/home,GoMotion,Swim-specific,https://www.gomotionapp.com/team/mbmm/page/home,
Para Storm Swim Club,MB,Manitoba,https://parastormswimming.ca,Unknown / Custom,Unknown / Custom,http://parastormswimclub.ca,
St. James Seals Swim Club,MB,Manitoba,https://www.gomotionapp.com/team/cansjssc/page/home,GoMotion,Swim-specific,https://www.gomotionapp.com/team/cansjssc/page/home,
Steinbach Skimmers Swim Club,MB,Manitoba,https://steinbachskimmers.com,WordPress,CMS / Website builder,https://steinbachskimmers.com/,
Swimming Rockers Club,MB,Manitoba,https://www.winnipeg.swimrockers.ca,WordPress,CMS / Website builder,https://winnipeg.swimrockers.ca/,
The Pas Roadrunners,MB,Manitoba,https://tproadrunners.wixsite.com/tprr,Wix,CMS / Website builder,https://tproadrunners.wixsite.com/tprr,
University of Manitoba Bisons Varsity,MB,Manitoba,https://gobisons.ca/sports/swimming-and-diving,Sidearm Sports,Sports management,https://gobisons.ca/sports/swimming-and-diving,
University Of Manitoba Bisons Swimming,MB,Manitoba,https://www.bisonswimming.ca,Wix,CMS / Website builder,https://www.bisonswimming.ca/,
Club De Natation Bleu Et Or,NB,New Brunswick,https://www.cnbo.ca,PoolQ,Swim-specific,https://www.cnbo.ca/,
Sackville Swim Club,,,,No Website,No Website,,
RSEQ - Campus Notre-Dame-de-Foy,QC,Quebec,https://www.cndf.qc.ca,WordPress,CMS / Website builder,https://www.cndf.qc.ca/,
RSEQ - Cégep de Sherbrooke,QC,Quebec,https://www.cegepsherbrooke.qc.ca,WordPress,CMS / Website builder,https://cegepsherbrooke.qc.ca/,
Assiniboia Aquarians Swim Club,,,https://assiniboiaaquarians.weebly.com,Weebly,CMS / Website builder,https://assiniboiaaquarians.weebly.com/,
Biggar Barracuda Swim Club,SK,Saskatchewan,,No Website,No Website,,
Shellbrook Silverfins Swim Club,SK,Saskatchewan,,No Website,No Website,,
Alpha Swim Club,MB,Manitoba,https://www.alphaswimclub.com,Wix,CMS / Website builder,https://www.alphaswimclub.com/,
Swan Hills Sharks Swim Club,AB,Alberta,,No Website,No Website,,
Fast Eddies Masters,AB,Alberta,https://sites.google.com/view/fast-eddies-swim-club?usp=sharing,Google Sites,CMS / Website builder,https://sites.google.com/view/fast-eddies-swim-club?usp=sharing,
Scarborough Swim Club,ON,Ontario,https://scarswimming.ca,Unknown / Custom,Unknown / Custom,https://www.scarswimming.ca/,
Rocket Swim Club,ON,Ontario,https://rocketswim.com,WordPress,CMS / Website builder,https://rocketswim.com/,
London Silver Dolphins Masters,ON,Ontario,https://www.londonsilverdolphins.ca/page/home,GoMotion,Swim-specific,https://www.londonsilverdolphins.ca/page/home,
Dragon Swim Club,MB,Manitoba,https://www.gomotionapp.com/team/dragonsc/page/home,GoMotion,Swim-specific,https://www.gomotionapp.com/team/dragonsc/page/home,
Digby Dolphins,NS,Nova Scotia,,No Website,No Website,,
CREE Mistissini Aquatics Swim Team,QC,Quebec,,No Website,No Website,,
CNAM Club de natation de la Minganie,QC,Quebec,,No Website,No Website,,
CALAU Club Aquatique des Laurentides,QC,Quebec,,No Website,No Website,,
CAM Club Aquatique Malépart,QC,Quebec,https://ccjcm.ca,Amilia,Swim-specific,https://corporationcentrejeanclaudemalepart.com,
Blue Sharks Swim Club,ON,Ontario,https://www.gomotionapp.com/team/bssc/page/home,GoMotion,Swim-specific,https://www.gomotionapp.com/team/bssc/page/home,
Torpedoes Swimming,ON,Ontario,,No Website,No Website,,
Port Hawkesbury Antigonish Swim Team AA,NS,Nova Scotia,https://www.gomotionapp.com/team/canphast/page/home,GoMotion,Swim-specific,https://www.gomotionapp.com/team/canphast/page/home,
Swordfish Sprint Club,BC,British Columbia,,No Website,No Website,,
CNPS Club de natation Phoénix Saguenay,QC,Quebec,,No Website,No Website,,
RSEQ - Cégep de Rivière-du-Loup,QC,Quebec,https://www.cegeprdl.ca/etudiants-actuels/vie-sportive/les-portageurs,University / Institution,University / Institution,https://www.cegeprdl.ca/etudiants-actuels/vie-sportive/les-portageurs,
RSEQ - Cégep de Carleton-sur-Mer,QC,Quebec,https://cegepgim.ca,WordPress,CMS / Website builder,https://cegepgim.ca/,
RSEQ - UQAR Université de Rimouski,QC,Quebec,,No Website,No Website,,
Vegreville Lasers Swim Club,AB,Alberta,,No Website,No Website,,
MSAG Club des maitres nageurs du Saguenay,,,,No Website,No Website,,
County Dolphins Swim Club,ON,Ontario,,No Website,No Website,,
